{
    "branch_distances": [
        0.0,
        0.0,
        0.0,
        0.0,
        0.0,
        0.0,
        0.0,
        0.0,
        0.0,
        0.0,
        0.0,
        0.0,
        0.0,
        0.8348411239280673,
        2.3548709843092377,
        3.139968651776649,
        3.3152559482442525,
        4.008118195290878,
        5.795940095495446,
        6.707223963669056,
        7.957630695664759,
        8.577655182726323,
        9.424154189805128,
        10.504327652922738,
        12.226404550203299,
        12.325626523576135,
        12.77247224713472,
        13.414988217921286,
        13.463401771547739,
        13.708865946257115,
        13.993395167669584,
        14.518994645019287,
        15.34182167945806,
        17.32802472451447,
        17.474962136350534,
        17.631191345368418,
        17.913107428600068,
        18.2106789974863,
        18.617850217391986,
        18.889455726196115,
        19.04238597654338,
        20.67565012795541,
        20.880627831328404,
        22.834170006021704,
        22.961153458363306,
        23.164067109429517,
        23.312123208825582,
        23.464830144045745,
        23.778534481595457,
        23.92912970948581,
        23.961707655468118,
        24.765404137084086,
        24.976176526167663,
        27.597287402193352,
        28.240245978136294,
        35.19285188497395,
        37.186463574624156,
        39.18590848697813,
        39.36320923088298,
        43.28071093996364,
        59.88896199693228,
        64.51336901631964,
        101.37736960302891
    ],
    "leaf_distances": [
        1.2161160237017528,
        2.534964473734475,
        3.4650891888819695,
        3.7166260842026912,
        4.393794564011083,
        5.02238929560167,
        6.40086785837888,
        7.626977570761085,
        9.625434666208196,
        10.104795899461042,
        11.157346009928093,
        11.217102471895112,
        12.650379785329125,
        13.5239331581434,
        13.743221407382862,
        13.799935079171043,
        14.140737781085054,
        14.37036915095822,
        14.970978475113156,
        15.336582233383876,
        15.519926659718147,
        15.977440275787654,
        18.06414738062948,
        18.885019037041932,
        19.543724136820934,
        19.727384453068787,
        19.795798957218246,
        20.297224224736986,
        21.235964570964317,
        21.32445508487181,
        22.70780788373049,
        23.221154761334287,
        24.099022910001366,
        24.43706654827163,
        24.665551342935192,
        24.70238735144821,
        24.989212090472698,
        25.017085644356065,
        25.52754438165942,
        25.55343381279595,
        25.595386685302902,
        25.90018343832332,
        26.312100195445637,
        27.825867751913034,
        28.118660969508287,
        28.388654198932848,
        29.472048086252386,
        31.020117135748535,
        33.446066058414274,
        34.98387701557609,
        41.67606093387939,
        44.479789292478635,
        45.49726545019059,
        53.36977307355789,
        54.20740774892206,
        57.437331654800815,
        60.6614806051224,
        65.1498499574834,
        67.10023982021788,
        69.21879528939733,
        71.09477326124649,
        101.73996607428775,
        106.6424985962052
    ]
}