{
    "branch_distances": [
        0.0,
        0.0,
        0.0,
        0.0,
        0.0,
        0.0,
        0.0,
        0.0,
        0.0,
        0.0,
        0.0,
        0.0,
        0.0,
        0.0,
        0.0,
        0.0,
        0.0,
        0.0,
        1.0893051554297581,
        1.1351004659348145,
        1.5219926026070028,
        2.0550546747888965,
        2.3949315061941254,
        2.5206132238591583,
        2.646111122044922,
        2.798539085515252,
        2.8715106447673207,
        3.1417612895353906,
        3.2056767711176737,
        3.5571080089046,
        3.7368639284671845,
        3.8742455409727876,
        4.221787977714286,
        4.431004715511952,
        4.533669365424422,
        4.878759471808208,
        5.616942213699168,
        5.706438241807577,
        6.783674797926713,
        7.089516903009919,
        8.325889601536167,
        10.0412279826884,
        11.736990717085973,
        13.107922148948294,
        13.410992575183474,
        13.852308484852315,
        14.535095358802138,
        14.638016598607045,
        14.805535247635442,
        14.910679220048557,
        14.931004502338636,
        15.542992795987422,
        16.033625646523685,
        16.62820898560166,
        17.1869727426289,
        18.44023016222071,
        19.39464988447637,
        20.4902791822474,
        22.13578140953516,
        22.781262124312814,
        24.604675388058727,
        28.154853142599382,
        28.844660038216112,
        30.003786827943582,
        30.082361508148118,
        32.62413847354609,
        34.43498240224398,
        35.72553652964459,
        39.49570071412269,
        41.427857163113394,
        43.06587954126491,
        43.079257630759784,
        44.788332983903445,
        46.26852941787469,
        48.61487913024773,
        49.25889281474758,
        51.55582626197184,
        51.95729449297588,
        52.21997972510813,
        53.54634339949863,
        54.56705600211601,
        55.820523728994296,
        56.31333230539108,
        57.56665465266936,
        59.35208539880322,
        61.57262154660739,
        64.4719947930042,
        65.8912520365806,
        65.99474444402387,
        67.84209462612449,
        69.10692942308232,
        72.7672515355358,
        74.55809040572626,
        89.61055022964175,
        93.9789176553296,
        108.75102683095047
    ],
    "leaf_distances": [
        2.3754144408559696,
        2.768071034144501,
        3.2596758264293166,
        3.338093135942406,
        3.9268418944811003,
        3.946156282242587,
        3.9761156594952007,
        4.07199803093715,
        4.157941628462187,
        4.2175179330554915,
        4.235202674721117,
        4.24358013017957,
        4.258151333004749,
        4.598841116402962,
        4.872658514265606,
        5.103985944176959,
        5.401210540156484,
        5.901261223756767,
        6.1624414012499615,
        6.402099389891734,
        7.570790912534917,
        7.579978424554493,
        7.582662926009192,
        7.912674645783549,
        8.405126319865817,
        8.726233253626637,
        9.279103266007388,
        10.240511721287458,
        12.632826803491794,
        12.712877288590924,
        14.496240272589185,
        14.745672864963733,
        15.257368192783707,
        15.61661620298829,
        16.259091951132856,
        16.341048270291235,
        16.37175110789537,
        16.996359919234447,
        17.08141620101826,
        17.335730265082812,
        18.33416287023925,
        20.30479106584032,
        20.474490641974352,
        21.647513493018714,
        25.62685605989384,
        26.855215983626085,
        27.146745963022486,
        28.540504296662643,
        28.60802895406667,
        30.296900548884295,
        30.798781244170296,
        33.387230368714114,
        33.47127868272767,
        36.08949064143327,
        36.836690802935316,
        37.543427111590155,
        38.06223371503556,
        40.008065751613636,
        41.02732143774828,
        44.045523868054175,
        44.98197276367022,
        46.25630218709651,
        47.15513713763906,
        48.090988637558176,
        49.729972830345815,
        52.07627774242446,
        52.55151779285785,
        52.64975079927374,
        52.94236137308316,
        53.00983701635378,
        54.01247248286866,
        54.88501983653747,
        55.03541218376894,
        55.684030654041784,
        56.24498369066009,
        56.47901794610935,
        58.371346562031164,
        58.68028478473433,
        62.17719381636092,
        62.58342356936055,
        64.19544895720414,
        65.10337392134856,
        65.14813390325853,
        68.76080995906337,
        69.27230832858488,
        71.75794484918168,
        72.17921010604887,
        73.80334895693652,
        74.07875935741387,
        74.83260452193889,
        75.11486047638202,
        79.41764545792616,
        98.4133421637351,
        99.78583275783569,
        116.7006934009469,
        126.32006400824672
    ]
}