{
    "branch_distances": [
        0.0,
        0.0,
        0.0,
        0.0,
        0.0,
        0.0,
        0.0,
        0.0,
        0.0,
        0.0,
        2.912810148191029,
        3.2915822941482613,
        4.458711205853795,
        5.792907646403259,
        7.610164302278127,
        8.98738825953448,
        9.089752913364176,
        11.746176464001445,
        15.908277977295675,
        19.371975930505197,
        23.21680782640054,
        24.130718839013696,
        25.459201378943497,
        26.431750188651066,
        31.606440347338502,
        39.5517215311373,
        41.105684804856345,
        45.97623943277909,
        46.11527420540346,
        46.45378875907073,
        46.559423871243645,
        54.716560128137694,
        56.284563834986336,
        59.35471633337742,
        65.08325711553579,
        66.42053327943769,
        68.69910560094269,
        79.98180325314964,
        89.47782715336147,
        100.28796389144419,
        113.90863724851289
    ],
    "leaf_distances": [
        2.43492954901252,
        3.615283244181228,
        3.7130815421231342,
        3.8472740351049888,
        6.6118794526437314,
        7.116095978792733,
        8.832050966434686,
        11.707850793753135,
        12.04589778409785,
        16.040191487259605,
        21.104183234402317,
        22.606695193892236,
        24.476680080926702,
        25.079901929101236,
        25.183398681030855,
        25.336485358536123,
        30.87695127132765,
        34.178604309928026,
        37.01058048283713,
        41.57866573056876,
        43.511542584145126,
        48.45345931684025,
        52.610107543209594,
        55.659724552088896,
        56.02012233171264,
        58.15607912547484,
        62.18526080938711,
        62.889553135771635,
        67.19858605605313,
        67.54476457593339,
        70.59485043624714,
        70.80835739819796,
        83.99508676546594,
        92.17904295688395,
        93.18832334306235,
        94.18574048199588,
        99.19467621215774,
        114.37533308093481,
        115.48926464969132,
        121.13588542503788,
        123.35876915760457
    ]
}