{
    "branch_distances": [
        0.0,
        0.0,
        0.0,
        0.0,
        0.0,
        0.0,
        0.0,
        0.0,
        0.0,
        0.0,
        0.0,
        0.0,
        0.0,
        0.0,
        2.2484507649319356,
        2.2526632844694428,
        3.4556009624310944,
        5.628367746039067,
        7.665879064852196,
        7.6987242936774445,
        8.198950024901796,
        11.00893897688507,
        11.793246562206543,
        13.734415179236374,
        14.62337440994751,
        15.011287948539684,
        15.108485405862073,
        16.628514399326495,
        16.700357200829938,
        17.697595949472355,
        18.09159214234736,
        20.842834086255277,
        21.999572592447898,
        25.329402791054893,
        28.351431503273478,
        29.647562547867576,
        30.930399379266728,
        34.9439926382626,
        38.69167565850684,
        38.87713790868827,
        50.837378838521225,
        58.01767931636394,
        107.8374195832101,
        108.45819490488456,
        112.37507422822777,
        116.5527620527467,
        122.22075745596416,
        124.25000743417655,
        124.30731544994488,
        127.54261190692452,
        128.25002356049654,
        159.80345519523553,
        164.3740479424581,
        166.18674941946418,
        167.592462996874,
        169.18797110710156,
        169.74680175419277,
        170.5452389777739,
        173.25611994675697,
        175.36113105568666
    ],
    "leaf_distances": [
        2.7028992532955964,
        3.0690064779425157,
        4.956516028781687,
        6.022064045330287,
        6.051523333853702,
        6.93642164473189,
        7.559353150565911,
        8.3744510244554,
        8.775922964541696,
        9.173531837292302,
        10.500271878157967,
        11.37004516004329,
        15.00529979460401,
        15.96849250158889,
        16.467345298444407,
        17.648423952472267,
        17.65295070053814,
        18.912398883992555,
        19.293421997331127,
        19.6851139579875,
        20.030692621813696,
        20.04022758923097,
        20.4313956980863,
        22.08093104003368,
        24.42076028272002,
        25.95512923481334,
        31.652057109787197,
        32.62230409269894,
        34.39885737826203,
        39.79883192570673,
        40.319200739378445,
        41.33610091956365,
        43.440328958152065,
        52.60510219885217,
        56.03706678159445,
        56.16869366478712,
        58.35176014490696,
        62.84579068224106,
        62.96806305817808,
        64.95364570966571,
        66.40520549789315,
        112.44875557684087,
        122.12664151792167,
        124.80590430115537,
        125.19466437229244,
        125.36459071979587,
        128.0221127232199,
        128.47712045914867,
        128.5291305492626,
        132.2815959261948,
        168.75885222704682,
        169.09978951555547,
        170.79707076353915,
        171.44025303845018,
        172.18642506430203,
        172.25492063998206,
        174.47941681205327,
        175.95688037826432,
        178.1452742153315,
        186.99215782532897
    ]
}